symbol,kind,export_paths,source_path,source_line,parameters,return_annotation,semantic_review,review_row
pix.case_centric.context_ngrams.ContextNGramSpec.feature_spec,method,pix.case_centric.context_ngrams.ContextNGramSpec.feature_spec,src/pix/case_centric/context_ngrams.py,66,self,<class 'inspect._empty'>,not_reviewed,
pix.case_centric.context_ngrams.fit_context_ngrams,function,pix.case_centric.context_ngrams.fit_context_ngrams,src/pix/case_centric/context_ngrams.py,235,"log, spec, training_case_ids",ComputationResult[ContextNGramModel],not_reviewed,
pix.case_centric.context_ngrams.transform_context_ngrams,function,pix.case_centric.context_ngrams.transform_context_ngrams,src/pix/case_centric/context_ngrams.py,284,"log, fitted_model",ComputationResult[ContextNGramMatrix],not_reviewed,
pix.compute.conformance.align_traces,function,pix.api.align_traces,src/pix/compute/conformance.py,160,"traces, net, spec",ComputationResult[AlignmentSet],not_reviewed,
pix.compute.constraints.evaluate_constraints,function,pix.api.evaluate_constraints,src/pix/compute/constraints.py,301,"trace_result, spec",ComputationResult[ConstraintEvaluation],not_reviewed,
pix.compute.context.ComputationContext.build,method,pix.api.ComputationContext.build; pix.object_centric.ComputationContext.build,src/pix/compute/context.py,124,"cls, log",ComputationContext,not_reviewed,
pix.compute.dfg.discover_dfg,function,pix.api.discover_dfg,src/pix/compute/dfg.py,82,"log, spec",ComputationResult[DirectlyFollowsGraph],not_reviewed,
pix.compute.discovery.discover_process_tree,function,pix.api.discover_process_tree,src/pix/compute/discovery.py,483,"trace_result, spec",ComputationResult[ProcessTree],not_reviewed,
pix.compute.discovery.process_tree_to_petri_net,function,pix.api.process_tree_to_petri_net,src/pix/compute/discovery.py,599,tree,PetriNet,not_reviewed,
pix.compute.executions.discover_executions,function,pix.api.discover_executions; pix.object_centric.discover_executions,src/pix/compute/executions.py,165,"log, spec",ComputationResult[ExecutionSet],not_reviewed,
pix.compute.model_semantics.enabled_transitions,function,pix.api.enabled_transitions,src/pix/compute/model_semantics.py,52,"net, marking","tuple[str, ...]",not_reviewed,
pix.compute.model_semantics.fire,function,pix.api.fire,src/pix/compute/model_semantics.py,66,"net, marking, transition_id",Marking,not_reviewed,
pix.compute.model_semantics.fire_binding,function,pix.api.fire_binding,src/pix/compute/model_semantics.py,146,"net, marking, binding",ObjectMarking,not_reviewed,
pix.compute.model_semantics.is_binding_enabled,function,pix.api.is_binding_enabled,src/pix/compute/model_semantics.py,131,"net, marking, binding",bool,not_reviewed,
pix.compute.model_semantics.is_enabled,function,pix.api.is_enabled,src/pix/compute/model_semantics.py,41,"net, marking, transition_id",bool,not_reviewed,
pix.compute.model_semantics.is_final,function,pix.api.is_final,src/pix/compute/model_semantics.py,79,"net, marking",bool,not_reviewed,
pix.compute.model_semantics.is_object_final,function,pix.api.is_object_final,src/pix/compute/model_semantics.py,162,"net, marking",bool,not_reviewed,
pix.compute.model_semantics.model_digest,function,pix.api.model_digest,src/pix/compute/model_semantics.py,168,net,str,not_reviewed,
pix.compute.object_bindings.enumerate_enabled_bindings,function,pix.api.enumerate_enabled_bindings; pix.object_centric.enumerate_enabled_bindings,src/pix/compute/object_bindings.py,103,"net, marking, max_bindings",BindingEnumeration,not_reviewed,
pix.compute.object_conformance.align_object_log,function,pix.api.align_object_log; pix.object_centric.align_object_log,src/pix/compute/object_conformance.py,395,"log, net, spec",ComputationResult[ObjectAlignment],not_reviewed,
pix.compute.object_context.measure_object_context,function,pix.api.measure_object_context; pix.object_centric.measure_object_context,src/pix/compute/object_context.py,80,"log, net, spec",ComputationResult[ObjectContextMetrics],definition_checked_not_replacement_verified,IN-02
pix.compute.ocdfg.discover_ocdfg,function,pix.api.discover_ocdfg; pix.object_centric.discover_ocdfg,src/pix/compute/ocdfg.py,29,"log, spec",ComputationResult[ObjectCentricDFG],definition_checked_not_replacement_verified,IN-01
pix.compute.ocpn_discovery.discover_ocpn,function,pix.api.discover_ocpn; pix.object_centric.discover_ocpn,src/pix/compute/ocpn_discovery.py,83,"log, spec",ComputationResult[OCPNDiscoveryPayload],not_reviewed,
pix.compute.precision.measure_prefix_precision,function,pix.api.measure_prefix_precision,src/pix/compute/precision.py,261,"traces, net, spec",ComputationResult[PrefixPrecision],not_reviewed,
pix.compute.replay.replay_traces,function,pix.api.replay_traces,src/pix/compute/replay.py,316,"traces, net, spec",ComputationResult[ReplaySet],not_reviewed,
pix.compute.temporal.measure_temporal,function,pix.api.measure_temporal,src/pix/compute/temporal.py,144,"log, spec",ComputationResult[ObservedTemporal],not_reviewed,
pix.compute.trace.reconstruct_traces,function,pix.api.reconstruct_traces; pix.object_centric.reconstruct_traces,src/pix/compute/trace.py,86,"log, spec",ComputationResult[TraceSet],not_reviewed,
pix.compute.variants.discover_variants,function,pix.api.discover_variants; pix.object_centric.discover_variants,src/pix/compute/variants.py,35,"execution_result, spec",ComputationResult[VariantSet],not_reviewed,
pix.engine.compute,function,pix.api.compute,src/pix/engine.py,96,"log, requests","tuple[ComputationResult, ...]",not_reviewed,
pix.event_log.adapters.case_log_digest,function,pix.api.case_log_digest,src/pix/event_log/adapters.py,59,log,str,not_reviewed,
pix.event_log.adapters.case_traces,function,pix.api.case_traces,src/pix/event_log/adapters.py,107,"log, spec",ComputationResult[TraceSet],not_reviewed,
pix.event_log.adapters.to_ocel,function,pix.api.to_ocel,src/pix/event_log/adapters.py,260,"log, mapping",CaseOCELConversion,not_reviewed,
pix.event_log.contract.CaseImportResult.describe,method,pix.api.CaseImportResult.describe,src/pix/event_log/contract.py,65,self,"dict[str, object]",not_reviewed,
pix.event_log.contract.CaseImportResult.require_case_log,method,pix.api.CaseImportResult.require_case_log,src/pix/event_log/contract.py,57,self,CaseLog,not_reviewed,
pix.event_log.contract.CaseImportResult.summary,method,pix.api.CaseImportResult.summary,src/pix/event_log/contract.py,62,self,str,not_reviewed,
pix.event_log.model.CaseLog.attribute,method,pix.api.CaseLog.attribute,src/pix/event_log/model.py,233,"self, item, key",CaseAttribute | None,not_reviewed,
pix.event_log.model.CaseLog.describe,method,pix.api.CaseLog.describe,src/pix/event_log/model.py,236,self,"dict[str, object]",not_reviewed,
pix.event_log.model.CaseLog.effective_attributes,method,pix.api.CaseLog.effective_attributes,src/pix/event_log/model.py,217,"self, item","tuple[CaseAttribute, ...]",not_reviewed,
pix.event_log.model.CaseLog.summary,method,pix.api.CaseLog.summary,src/pix/event_log/model.py,245,self,str,not_reviewed,
pix.io.import_log,function,pix.api.import_log,src/pix/io.py,20,"source, format, mapping, sheet, delimiter, encoding",ImportResult | CaseImportResult,not_reviewed,
pix.io.read_log,function,pix.api.read_log,src/pix/io.py,99,"source, format, mapping, sheet, delimiter, encoding",OCEL | CaseLog,not_reviewed,
pix.models.model_document,function,pix.api.model_document,src/pix/models.py,521,"model, origin, source_computation_id","dict[str, object]",not_reviewed,
pix.models.model_from_json,function,pix.api.model_from_json,src/pix/models.py,565,data,ModelArtifact,not_reviewed,
pix.models.model_json_bytes,function,pix.api.model_json_bytes,src/pix/models.py,552,"model, origin, source_computation_id",bytes,not_reviewed,
pix.models.read_model,function,pix.api.read_model,src/pix/models.py,624,path,ModelArtifact,not_reviewed,
pix.models.write_model,function,pix.api.write_model,src/pix/models.py,628,"model, path, origin, source_computation_id, overwrite",FilePublication,not_reviewed,
pix.object_centric.action_planning.enumerate_action_matches,function,pix.object_centric.action_planning.enumerate_action_matches,src/pix/object_centric/action_planning.py,93,"intervals, spec",ComputationResult[ActionMatchCatalog],not_reviewed,
pix.object_centric.action_planning.plan_actions,function,pix.object_centric.action_planning.plan_actions,src/pix/object_centric/action_planning.py,435,"candidates, spec",ComputationResult[ActionPlan],not_reviewed,
pix.object_centric.actions.allen_relation,function,pix.object_centric.actions.allen_relation,src/pix/object_centric/actions.py,110,"left, right",str,not_reviewed,
pix.object_centric.actions.compare_action_windows,function,pix.object_centric.actions.compare_action_windows,src/pix/object_centric/actions.py,776,"log, spec",ComputationResult[ActionWindowImpact],not_reviewed,
pix.object_centric.actions.propose_actions,function,pix.object_centric.actions.propose_actions,src/pix/object_centric/actions.py,258,"intervals, spec",ComputationResult[ActionCandidates],not_reviewed,
pix.object_centric.actions.schedule_actions,function,pix.object_centric.actions.schedule_actions,src/pix/object_centric/actions.py,440,"candidates, spec",ComputationResult[ActionSchedule],not_reviewed,
pix.object_centric.actions.structural_action_impact,function,pix.object_centric.actions.structural_action_impact,src/pix/object_centric/actions.py,607,"net, spec",ComputationResult[StructuralActionImpact],not_reviewed,
pix.object_centric.actions.update_action_configuration,function,pix.object_centric.actions.update_action_configuration,src/pix/object_centric/actions.py,1003,"net, configuration, spec",ComputationResult[ActionConfigurationUpdate],not_reviewed,
pix.object_centric.advanced_filtering.filter_ocel_by_predicate,function,pix.object_centric.advanced_filtering.filter_ocel_by_predicate,src/pix/object_centric/advanced_filtering.py,1454,"log, spec",<class 'inspect._empty'>,definition_checked_not_replacement_verified,IN-12
pix.object_centric.advanced_filtering.filter_ocel_executions,function,pix.object_centric.advanced_filtering.filter_ocel_executions,src/pix/object_centric/advanced_filtering.py,1215,"log, spec",<class 'inspect._empty'>,not_reviewed,
pix.object_centric.advanced_filtering.filter_ocel_frequency,function,pix.object_centric.advanced_filtering.filter_ocel_frequency,src/pix/object_centric/advanced_filtering.py,869,"log, spec",<class 'inspect._empty'>,not_reviewed,
pix.object_centric.advanced_filtering.filter_ocel_structure,function,pix.object_centric.advanced_filtering.filter_ocel_structure,src/pix/object_centric/advanced_filtering.py,986,"log, spec",<class 'inspect._empty'>,not_reviewed,
pix.object_centric.advanced_filtering.materialize_advanced_sublog,function,pix.object_centric.advanced_filtering.materialize_advanced_sublog,src/pix/object_centric/advanced_filtering.py,1509,"source, result",OCEL,not_reviewed,
pix.object_centric.advanced_filtering.sample_ocel,function,pix.object_centric.advanced_filtering.sample_ocel,src/pix/object_centric/advanced_filtering.py,754,"log, spec",<class 'inspect._empty'>,not_reviewed,
pix.object_centric.case_projection.ObjectCaseProjection.describe,method,pix.object_centric.case_projection.ObjectCaseProjection.describe,src/pix/object_centric/case_projection.py,48,self,"dict[str, object]",not_reviewed,
pix.object_centric.case_projection.audit_projected_split,function,pix.object_centric.case_projection.audit_projected_split,src/pix/object_centric/case_projection.py,211,"projection, split, namespace",<class 'inspect._empty'>,not_reviewed,
pix.object_centric.case_projection.project_object_cases,function,pix.object_centric.case_projection.project_object_cases,src/pix/object_centric/case_projection.py,77,"log, spec",ObjectCaseProjection,definition_checked_not_replacement_verified,IN-20
pix.object_centric.case_projection.shared_event_case_groups,function,pix.object_centric.case_projection.shared_event_case_groups,src/pix/object_centric/case_projection.py,195,projection,"tuple[tuple[str, ...], ...]",not_reviewed,
pix.object_centric.conformance.replay_flattened_object_log,function,pix.object_centric.conformance.replay_flattened_object_log; pix.object_centric.replay_flattened_object_log,src/pix/object_centric/conformance.py,676,"log, net, spec",ComputationResult[FlattenedReplay],definition_checked_not_replacement_verified,IN-04
pix.object_centric.conformance.replay_object_log,function,pix.object_centric.conformance.replay_object_log; pix.object_centric.replay_object_log,src/pix/object_centric/conformance.py,630,"log, net, spec",ComputationResult[ObjectReplay],definition_checked_not_replacement_verified,IN-03
pix.object_centric.constraints.evaluate_constraint_graph,function,pix.object_centric.constraints.evaluate_constraint_graph,src/pix/object_centric/constraints.py,810,"log, spec",ComputationResult[ConstraintGraphEvaluation],not_reviewed,
pix.object_centric.constraints.evaluate_e2o_qualifiers,function,pix.object_centric.constraints.evaluate_e2o_qualifiers,src/pix/object_centric/constraints.py,1055,"log, spec",ComputationResult[QualifierConformance],not_reviewed,
pix.object_centric.constraints.evaluate_o2o_qualifiers,function,pix.object_centric.constraints.evaluate_o2o_qualifiers,src/pix/object_centric/constraints.py,1139,"log, spec",ComputationResult[QualifierConformance],not_reviewed,
pix.object_centric.constraints.measure_rule_metric,function,pix.object_centric.constraints.measure_rule_metric,src/pix/object_centric/constraints.py,330,"log, spec",ComputationResult[ObjectRuleMetric],not_reviewed,
pix.object_centric.constraints.performance_observations,function,pix.object_centric.constraints.performance_observations,src/pix/object_centric/constraints.py,559,"log, result","tuple[PerformanceObservation, ...]",not_reviewed,
pix.object_centric.cube.drill_down,function,pix.object_centric.cube.drill_down,src/pix/object_centric/cube.py,439,"log, spec",ComputationResult[CubePlan],not_reviewed,
pix.object_centric.cube.fold,function,pix.object_centric.cube.fold,src/pix/object_centric/cube.py,561,"log, forward",ComputationResult[CubePlan],not_reviewed,
pix.object_centric.cube.materialize_cube,function,pix.object_centric.cube.materialize_cube,src/pix/object_centric/cube.py,568,"source, result",OCEL,not_reviewed,
pix.object_centric.cube.roll_up,function,pix.object_centric.cube.roll_up,src/pix/object_centric/cube.py,552,"log, forward",ComputationResult[CubePlan],not_reviewed,
pix.object_centric.cube.unfold,function,pix.object_centric.cube.unfold,src/pix/object_centric/cube.py,448,"log, spec",ComputationResult[CubePlan],not_reviewed,
pix.object_centric.discovery.SAWArcWeightDistribution.probability,method,pix.object_centric.discovery.SAWArcWeightDistribution.probability,src/pix/object_centric/discovery.py,110,"self, weight",Fraction | None,not_reviewed,
pix.object_centric.discovery.discover_saw_net,function,pix.object_centric.discover_saw_net; pix.object_centric.discovery.discover_saw_net,src/pix/object_centric/discovery.py,209,"log, spec",ComputationResult[StochasticArcWeightNet],not_reviewed,
pix.object_centric.enrichment.enrich_object_relations,function,pix.object_centric.enrichment.enrich_object_relations,src/pix/object_centric/enrichment.py,245,"log, spec",ComputationResult[OCELRelationEnrichment],not_reviewed,
pix.object_centric.enrichment.mark_lifecycle_qualifiers,function,pix.object_centric.enrichment.mark_lifecycle_qualifiers,src/pix/object_centric/enrichment.py,305,"log, spec",ComputationResult[OCELRelationEnrichment],definition_checked_not_replacement_verified,IN-19
pix.object_centric.enrichment.materialize_enriched_ocel,function,pix.object_centric.enrichment.materialize_enriched_ocel,src/pix/object_centric/enrichment.py,402,"source, result",OCEL,not_reviewed,
pix.object_centric.equivalent_ocel.cluster_equivalent_ocel,function,pix.object_centric.equivalent_ocel.cluster_equivalent_ocel,src/pix/object_centric/equivalent_ocel.py,239,"log, spec",ComputationResult[EquivalentOCELSet],not_reviewed,
pix.object_centric.features.aggregate_object_features,function,pix.object_centric.features.aggregate_object_features,src/pix/object_centric/features.py,1218,"source, target, spec",ComputationResult[ObjectFeatureTable],not_reviewed,
pix.object_centric.features.encode_object_features,function,pix.object_centric.features.encode_object_features,src/pix/object_centric/features.py,1399,"result, spec",ComputationResult[ObjectFeatureEncoding],not_reviewed,
pix.object_centric.features.extract_object_features,function,pix.object_centric.features.extract_object_features,src/pix/object_centric/features.py,860,"log, spec",ComputationResult[ObjectFeatureTable],definition_checked_not_replacement_verified,IN-13
pix.object_centric.features.fit_object_feature_encoder,function,pix.object_centric.features.fit_object_feature_encoder,src/pix/object_centric/features.py,1695,"result, spec",ComputationResult[ObjectFeatureEncoder],not_reviewed,
pix.object_centric.features.split_object_features,function,pix.object_centric.features.split_object_features,src/pix/object_centric/features.py,1522,"result, spec",ComputationResult[ObjectFeaturePartition],not_reviewed,
pix.object_centric.features.transform_object_features,function,pix.object_centric.features.transform_object_features,src/pix/object_centric/features.py,1817,"result, fitted, spec",ComputationResult[ObjectFeatureEncodedTable],not_reviewed,
pix.object_centric.filter_predicates.evaluate_filter_predicates,function,pix.object_centric.filter_predicates.evaluate_filter_predicates,src/pix/object_centric/filter_predicates.py,440,"log, spec",ComputationResult[OCFilterPredicates],definition_checked_not_replacement_verified,IN-11
pix.object_centric.filtering.filter_ocel,function,pix.object_centric.filter_ocel; pix.object_centric.filtering.filter_ocel,src/pix/object_centric/filtering.py,228,"log, spec",ComputationResult[OCELFilterResult],definition_checked_not_replacement_verified,IN-10
pix.object_centric.filtering.materialize_sublog,function,pix.object_centric.filtering.materialize_sublog,src/pix/object_centric/filtering.py,340,"source, result",OCEL,not_reviewed,
pix.object_centric.graph_comparison.compare_ocdfgs,function,pix.object_centric.graph_comparison.compare_ocdfgs,src/pix/object_centric/graph_comparison.py,613,"observed, normative, spec",ComputationResult[OCDFGComparison],not_reviewed,
pix.object_centric.learning.build_object_k_step_dataset,function,pix.object_centric.learning.build_object_k_step_dataset,src/pix/object_centric/learning.py,351,"result, spec, partition",ComputationResult[ObjectKStepDataset],not_reviewed,
pix.object_centric.learning.evaluate_object_regression,function,pix.object_centric.learning.evaluate_object_regression,src/pix/object_centric/learning.py,1287,"predictions, dataset, spec",ComputationResult[ObjectRegressionEvaluation],not_reviewed,
pix.object_centric.learning.fit_object_regression,function,pix.object_centric.learning.fit_object_regression,src/pix/object_centric/learning.py,956,"dataset, spec",ComputationResult[ObjectLinearRegression],not_reviewed,
pix.object_centric.learning.inverse_transform_object_features,function,pix.object_centric.learning.inverse_transform_object_features,src/pix/object_centric/learning.py,618,"encoded, fitted, spec",ComputationResult[ObjectFeatureInverseTable],not_reviewed,
pix.object_centric.learning.predict_object_regression,function,pix.object_centric.learning.predict_object_regression,src/pix/object_centric/learning.py,1105,"dataset, fitted, spec",ComputationResult[ObjectRegressionPredictions],not_reviewed,
pix.object_centric.learning.validate_learning_result,function,pix.object_centric.learning.validate_learning_result,src/pix/object_centric/learning.py,1402,result,None,not_reviewed,
pix.object_centric.legacy_discovery.discover_ocpn_by_type,function,pix.object_centric.legacy_discovery.discover_ocpn_by_type,src/pix/object_centric/legacy_discovery.py,307,"log, spec",ComputationResult[OCPNDiscoveryPayload],not_reviewed,
pix.object_centric.model_integration.check_subprocess_participation,function,pix.object_centric.model_integration.check_subprocess_participation,src/pix/object_centric/model_integration.py,387,"net, spec",ComputationResult[SubprocessParticipation],not_reviewed,
pix.object_centric.model_integration.decompose_ocpn,function,pix.object_centric.model_integration.decompose_ocpn,src/pix/object_centric/model_integration.py,271,"net, spec",ComputationResult[OCPNDecomposition],not_reviewed,
pix.object_centric.model_integration.enhance_ocpn,function,pix.object_centric.model_integration.enhance_ocpn,src/pix/object_centric/model_integration.py,761,"log, net, spec",ComputationResult[EnhancedObjectCentricPetriNet],definition_checked_not_replacement_verified,IN-18
pix.object_centric.model_integration.recompose_ocpn,function,pix.object_centric.model_integration.recompose_ocpn,src/pix/object_centric/model_integration.py,264,decomposition,ObjectCentricPetriNet,not_reviewed,
pix.object_centric.models.ObjectCentricCausalNet.validate_marking,method,pix.object_centric.models.ObjectCentricCausalNet.validate_marking,src/pix/object_centric/models.py,251,"self, marking",None,not_reviewed,
pix.object_centric.models.analyze_ocpn_soundness,function,pix.object_centric.models.analyze_ocpn_soundness,src/pix/object_centric/models.py,1183,"net, spec",ComputationResult[ObjectSoundness],not_reviewed,
pix.object_centric.models.causal_firing_objects,function,pix.object_centric.models.causal_firing_objects,src/pix/object_centric/models.py,403,"net, firing","tuple[tuple[str, str], ...]",not_reviewed,
pix.object_centric.models.causal_net_digest,function,pix.object_centric.models.causal_net_digest,src/pix/object_centric/models.py,304,net,str,not_reviewed,
pix.object_centric.models.causal_net_to_ocpn,function,pix.object_centric.models.causal_net_to_ocpn,src/pix/object_centric/models.py,1451,"net, spec",ComputationResult[ObjectModelConversion],definition_checked_not_replacement_verified,IN-15
pix.object_centric.models.enumerate_enabled_causal_bindings,function,pix.object_centric.models.enumerate_enabled_causal_bindings,src/pix/object_centric/models.py,456,"net, marking, max_bindings, max_candidates",CausalBindingEnumeration,not_reviewed,
pix.object_centric.models.fire_causal_binding,function,pix.object_centric.models.fire_causal_binding,src/pix/object_centric/models.py,390,"net, marking, firing",ObjectMarking,not_reviewed,
pix.object_centric.models.hide_ocpn,function,pix.object_centric.models.hide_ocpn,src/pix/object_centric/models.py,669,"net, spec",ComputationResult[ObjectModelTransformation],not_reviewed,
pix.object_centric.models.is_causal_binding_enabled,function,pix.object_centric.models.is_causal_binding_enabled,src/pix/object_centric/models.py,382,"net, marking, firing",bool,not_reviewed,
pix.object_centric.models.object_place_invariants,function,pix.object_centric.models.object_place_invariants,src/pix/object_centric/models.py,1079,"net, spec",ComputationResult[ObjectInvariants],not_reviewed,
pix.object_centric.models.object_subnet,function,pix.object_centric.models.object_subnet,src/pix/object_centric/models.py,726,"net, spec",ComputationResult[ObjectSubnet],not_reviewed,
pix.object_centric.models.ocpn_to_causal_net,function,pix.object_centric.models.ocpn_to_causal_net,src/pix/object_centric/models.py,1343,"net, spec",ComputationResult[ObjectModelConversion],definition_checked_not_replacement_verified,IN-14
pix.object_centric.models.project_ocpn,function,pix.object_centric.models.project_ocpn,src/pix/object_centric/models.py,600,"net, spec",ComputationResult[ObjectModelTransformation],not_reviewed,
pix.object_centric.models.reduce_ocpn,function,pix.object_centric.models.reduce_ocpn,src/pix/object_centric/models.py,998,"net, spec",ComputationResult[ObjectReduction],not_reviewed,
pix.object_centric.operational_impact.assess_operational_impact,function,pix.object_centric.operational_impact.assess_operational_impact,src/pix/object_centric/operational_impact.py,633,"log, net, spec, replay",ComputationResult[OperationalImpact],not_reviewed,
pix.object_centric.operational_impact.validate_operational_impact_result,function,pix.object_centric.operational_impact.validate_operational_impact_result,src/pix/object_centric/operational_impact.py,772,result,None,not_reviewed,
pix.object_centric.performance.measure_performance,function,pix.object_centric.measure_performance; pix.object_centric.performance.measure_performance,src/pix/object_centric/performance.py,201,"log, spec",ComputationResult[OCPerformance],definition_checked_not_replacement_verified,IN-16
pix.object_centric.performance.measure_replay_performance,function,pix.object_centric.measure_replay_performance; pix.object_centric.performance.measure_replay_performance,src/pix/object_centric/performance.py,717,"log, replay, spec",ComputationResult[OCReplayPerformance],definition_checked_not_replacement_verified,IN-17
pix.object_centric.relations.compare_object_graphs,function,pix.object_centric.relations.compare_object_graphs,src/pix/object_centric/relations.py,783,"reference, observed",ComputationResult[GraphComparison],definition_checked_not_replacement_verified,IN-07
pix.object_centric.relations.discover_etot,function,pix.object_centric.discover_etot; pix.object_centric.relations.discover_etot,src/pix/object_centric/relations.py,240,"log, spec",ComputationResult[ETOTGraph],definition_checked_not_replacement_verified,IN-05
pix.object_centric.relations.discover_object_graph,function,pix.object_centric.discover_object_graph; pix.object_centric.relations.discover_object_graph,src/pix/object_centric/relations.py,170,"log, spec",ComputationResult[ObjectGraph],not_reviewed,
pix.object_centric.relations.discover_otg,function,pix.object_centric.discover_otg; pix.object_centric.relations.discover_otg,src/pix/object_centric/relations.py,325,"log, spec",ComputationResult[OTGGraph],definition_checked_not_replacement_verified,IN-06
pix.object_centric.relations.object_attributes_as_of,function,pix.object_centric.relations.object_attributes_as_of,src/pix/object_centric/relations.py,481,"log, spec",ComputationResult[AttributeSnapshot],definition_checked_not_replacement_verified,IN-08
pix.object_centric.relations.query_object_relations,function,pix.object_centric.relations.query_object_relations,src/pix/object_centric/relations.py,581,"log, spec",ComputationResult[ObjectRelations],definition_checked_not_replacement_verified,IN-09
pix.object_centric.revisable_stream.OCRevisableStream.checkpoint,method,pix.object_centric.revisable_stream.OCRevisableStream.checkpoint,src/pix/object_centric/revisable_stream.py,710,self,str,not_reviewed,
pix.object_centric.revisable_stream.OCRevisableStream.close,method,pix.object_centric.revisable_stream.OCRevisableStream.close,src/pix/object_centric/revisable_stream.py,513,"self, operation_id, source_offset, expected_revision",OCRevisionReceipt,not_reviewed,
pix.object_centric.revisable_stream.OCRevisableStream.delete_event,method,pix.object_centric.revisable_stream.OCRevisableStream.delete_event,src/pix/object_centric/revisable_stream.py,444,"self, event_id, operation_id, source_offset, expected_revision",OCRevisionReceipt,not_reviewed,
pix.object_centric.revisable_stream.OCRevisableStream.delete_object,method,pix.object_centric.revisable_stream.OCRevisableStream.delete_object,src/pix/object_centric/revisable_stream.py,493,"self, object_id, operation_id, source_offset, expected_revision",OCRevisionReceipt,not_reviewed,
pix.object_centric.revisable_stream.OCRevisableStream.reopen,method,pix.object_centric.revisable_stream.OCRevisableStream.reopen,src/pix/object_centric/revisable_stream.py,529,"self, operation_id, source_offset, expected_revision",OCRevisionReceipt,not_reviewed,
pix.object_centric.revisable_stream.OCRevisableStream.restore,method,pix.object_centric.revisable_stream.OCRevisableStream.restore,src/pix/object_centric/revisable_stream.py,730,"cls, checkpoint",OCRevisableStream,not_reviewed,
pix.object_centric.revisable_stream.OCRevisableStream.snapshot,method,pix.object_centric.revisable_stream.OCRevisableStream.snapshot,src/pix/object_centric/revisable_stream.py,681,self,ComputationResult[OCRevisionSnapshot],not_reviewed,
pix.object_centric.revisable_stream.OCRevisableStream.upsert_event,method,pix.object_centric.revisable_stream.OCRevisableStream.upsert_event,src/pix/object_centric/revisable_stream.py,402,"self, event, relations, operation_id, source_offset, expected_revision",OCRevisionReceipt,not_reviewed,
pix.object_centric.revisable_stream.OCRevisableStream.upsert_object,method,pix.object_centric.revisable_stream.OCRevisableStream.upsert_object,src/pix/object_centric/revisable_stream.py,464,"self, obj, operation_id, source_offset, expected_revision",OCRevisionReceipt,not_reviewed,
pix.object_centric.simulation.playout_causal_net,function,pix.object_centric.simulation.playout_causal_net,src/pix/object_centric/simulation.py,213,"net, spec",ComputationResult[CausalPlayout],not_reviewed,
pix.object_centric.simulation.playout_ocpn,function,pix.object_centric.simulation.playout_ocpn,src/pix/object_centric/simulation.py,167,"net, spec",ComputationResult[ObjectPlayout],not_reviewed,
pix.object_centric.statistics.object_statistics,function,pix.object_centric.object_statistics; pix.object_centric.statistics.object_statistics,src/pix/object_centric/statistics.py,177,"log, spec",ComputationResult[ObjectStatistics],not_reviewed,
pix.object_centric.subprocess.local_ocpn_subprocess,function,pix.object_centric.subprocess.local_ocpn_subprocess,src/pix/object_centric/subprocess.py,331,"net, spec",ComputationResult[ObjectTypedSubprocess],not_reviewed,
pix.object_centric.subprocess.transform_ocpn_subprocess,function,pix.object_centric.subprocess.transform_ocpn_subprocess,src/pix/object_centric/subprocess.py,572,"net, spec",ComputationResult[ObjectSubprocessTransformation],not_reviewed,
pix.object_centric.subprocess.validate_subprocess_result,function,pix.object_centric.subprocess.validate_subprocess_result,src/pix/object_centric/subprocess.py,655,result,None,not_reviewed,
pix.object_centric.temporal_summary.temporal_summary,function,pix.object_centric.temporal_summary.temporal_summary,src/pix/object_centric/temporal_summary.py,108,"log, spec",ComputationResult[TemporalSummary],not_reviewed,
pix.object_centric.transformations.deduplicate_ocel,function,pix.object_centric.transformations.deduplicate_ocel,src/pix/object_centric/transformations.py,739,"log, spec",ComputationResult[OCELTransformation],not_reviewed,
pix.object_centric.transformations.explode_ocel,function,pix.object_centric.transformations.explode_ocel,src/pix/object_centric/transformations.py,777,"log, spec",ComputationResult[OCELTransformation],not_reviewed,
pix.object_centric.transformations.infer_parent_child_references,function,pix.object_centric.transformations.infer_parent_child_references,src/pix/object_centric/transformations.py,784,"log, spec",ComputationResult[OCELTransformation],not_reviewed,
pix.object_centric.transformations.materialize_ocel_transformation,function,pix.object_centric.transformations.materialize_ocel_transformation,src/pix/object_centric/transformations.py,806,"source, result",OCEL,not_reviewed,
pix.object_centric.transformations.merge_ocel_events,function,pix.object_centric.transformations.merge_ocel_events,src/pix/object_centric/transformations.py,753,"log, spec",ComputationResult[OCELTransformation],not_reviewed,
pix.object_centric.transformations.promote_event_attribute,function,pix.object_centric.transformations.promote_event_attribute,src/pix/object_centric/transformations.py,764,"log, spec",ComputationResult[OCELTransformation],not_reviewed,
pix.ocel.export.writer.export_ocel,function,pix.api.export_ocel,src/pix/ocel/export/writer.py,144,"log, path, format, overwrite",ExportResult,not_reviewed,
pix.ocel.ingest.reader.import_ocel,function,pix.api.import_ocel,src/pix/ocel/ingest/reader.py,77,"source, format",ImportResult,not_reviewed,
pix.ocel.ingest.reader.read_ocel,function,pix.api.read_ocel,src/pix/ocel/ingest/reader.py,224,"source, format",OCEL,not_reviewed,
pix.ocel.model.OCEL.describe,method,pix.object_centric.OCEL.describe,src/pix/ocel/model.py,446,self,"dict[str, object]",not_reviewed,
pix.ocel.model.OCEL.e2o_for_event,method,pix.object_centric.OCEL.e2o_for_event,src/pix/ocel/model.py,490,"self, event_id, qualifier","tuple[E2O, ...]",not_reviewed,
pix.ocel.model.OCEL.e2o_for_object,method,pix.object_centric.OCEL.e2o_for_object,src/pix/ocel/model.py,508,"self, object_id, qualifier","tuple[E2O, ...]",not_reviewed,
pix.ocel.model.OCEL.events_by_type,method,pix.object_centric.OCEL.events_by_type,src/pix/ocel/model.py,478,"self, event_type","tuple[Event, ...]",not_reviewed,
pix.ocel.model.OCEL.events_for_object,method,pix.object_centric.OCEL.events_for_object,src/pix/ocel/model.py,538,"self, object_id, qualifier","tuple[Event, ...]",not_reviewed,
pix.ocel.model.OCEL.get_event,method,pix.object_centric.OCEL.get_event,src/pix/ocel/model.py,464,"self, event_id",Event,not_reviewed,
pix.ocel.model.OCEL.get_object,method,pix.object_centric.OCEL.get_object,src/pix/ocel/model.py,471,"self, object_id",Object,not_reviewed,
pix.ocel.model.OCEL.incoming_o2o,method,pix.object_centric.OCEL.incoming_o2o,src/pix/ocel/model.py,568,"self, object_id, qualifier","tuple[O2O, ...]",not_reviewed,
pix.ocel.model.OCEL.info,method,pix.object_centric.OCEL.info,src/pix/ocel/model.py,410,self,OCELInfo,not_reviewed,
pix.ocel.model.OCEL.objects_by_type,method,pix.object_centric.OCEL.objects_by_type,src/pix/ocel/model.py,484,"self, object_type","tuple[Object, ...]",not_reviewed,
pix.ocel.model.OCEL.objects_for_event,method,pix.object_centric.OCEL.objects_for_event,src/pix/ocel/model.py,526,"self, event_id, qualifier","tuple[Object, ...]",not_reviewed,
pix.ocel.model.OCEL.outgoing_o2o,method,pix.object_centric.OCEL.outgoing_o2o,src/pix/ocel/model.py,550,"self, object_id, qualifier","tuple[O2O, ...]",not_reviewed,
pix.ocel.model.OCEL.summary,method,pix.object_centric.OCEL.summary,src/pix/ocel/model.py,459,self,str,not_reviewed,
pix.results.read_result,function,pix.api.read_result,src/pix/results.py,529,path,ComputationResult,not_reviewed,
pix.results.result_document,function,pix.api.result_document,src/pix/results.py,319,result,"dict[str, object]",not_reviewed,
pix.results.result_from_json,function,pix.api.result_from_json,src/pix/results.py,467,data,ComputationResult,not_reviewed,
pix.results.result_json_bytes,function,pix.api.result_json_bytes,src/pix/results.py,351,result,bytes,not_reviewed,
pix.results.write_result,function,pix.api.write_result,src/pix/results.py,533,"result, path, overwrite",FilePublication,not_reviewed,
